HBOS;ABOD;LDOF;LOF;INFLO;DBSCAN;ODC;OF;CLOPD;ROCF;CBLOF
11.516455647378354;-0.017607203419793434;2.8874304375129363;1.0054341514849032;11.314977967709714;0.7640354107789554;0.9175018341730353;;0.5371071182282598;0.005043239946002087;5.854115973238379
10.42125295046569;-0.002754102297566396;2.0075512782035463;0.9728170994868484;1.4903691153696526;0.3758539970406691;0.3531047851551591;;0.7026253361671524;0.0019512188925244756;11.712913682716865
11.152146640362371;-5.856605019844901e-05;0.8216481943987705;0.9676059286034684;3.6338412048668878;0.9999999999737997;0.096928902496087;;0.9111366933993302;0.0019512188925244756;14.441949243754582
11.531463771208122;-0.0019148417575016185;0.9368305651647428;0.9729780220312104;2.008313974918214;0.8297401848941813;0.4160894039141952;;1.047418041656865;0.0019512188925244756;4.699381201123128
11.152146640362371;-1.6648975383084201;1.0043957674301032;0.9735607281365477;1.1915298363122273;0.26237539608427635;0.7862550745403145;;1.0385658968105984;0.0019512188925244756;5.989148350073148
11.531463771208122;-0.9224199614010541;1.1762443222284646;0.9736786768327134;1.337855233659952;0.32367666807437573;0.7870952327963426;;1.167659868466671;0.0019512188925244756;6.057926162289808
11.055567131974641;-0.19322560706148698;1.2031244315708989;1.0002396128901776;2.798326579018273;0.0;0.5425354060025062;;0.2772351862422048;0.005043239946002087;5.130672356341344
11.055567131974641;-1.4908495466025524;0.9964210128294839;0.9998591115923207;1.0297419995724;0.6473271920738649;0.17229864110633944;;0.2487734190954935;0.005043239946002087;5.762983686325849
11.428425162865445;-2.51483862643881;0.7586493043604722;0.999815504287068;0.8244587513750107;0.809499809503289;0.22036194914499554;;0.4223281075940663;0.005043239946002087;4.633088643726021
10.443494052920512;-5.660719732372047;0.6676738495275485;0.9955902483559236;0.8339758212441771;0.810556381375608;0.21835825150100718;;0.3617461037962721;0.005043239946002087;4.58054502581999
9.880530368862468;-20.300669735867412;0.8790864530441044;0.9991124351235298;0.9492647030479516;0.0;0.58747067719626;;0.23387646366568113;0.005043239946002087;5.593811312513115
10.537903768387752;-11.508546835124315;0.9638368391145186;0.9989372979753632;1.0240309997907888;0.0;0.587934659664032;;0.2799819139626291;0.005043239946002087;5.630872490120841
11.055567131974641;-1.0744172730400872;0.797094464084947;0.9998155042870678;0.8595090555620225;0.809499809503639;0.22193382937190886;;0.30276282911361774;0.005043239946002087;4.720940063854376
12.040498241919574;-0.9334677034867304;1.0534422865661277;0.9999133614803084;1.126720536285079;0.8207157086045805;0.2233254288834263;;0.38832152832798067;0.005043239946002087;4.743191259247247
12.040498241919574;-0.24109980759104066;1.2531681586916465;0.9999133614803085;1.2813621998850437;0.8418861169769617;0.22688958048141053;;0.5463114859068506;0.005043239946002087;4.850734792552772
12.040498241919574;-0.01088372117689194;1.678250956409706;1.0011424094150567;1.8217889938323992;0.6602747506936696;0.17924020895448647;;0.3445986456489042;0.005043239946002087;5.8880920532615235
11.055567131974641;-713.8888888888787;1.1174446657009691;1.000470356860527;1.019871388272962;0.0;0.5410413753209901;;0.1770740570389383;0.005043239946002087;5.007811281201121
11.055567131974641;-1753.4722222242233;0.9034888772146461;1.0004110100616004;0.8631685673179395;0.0;0.5405071960011337;;0.15238733410601873;0.005043239946002087;4.960473649574735
11.055567131974641;-555.555555555619;0.5968089246595748;1.0004456391477212;0.6896420658496965;0.0;0.5408147484630226;;0.1309206574325786;0.005043239946002087;4.983540290609199
11.055567131974641;-555.555555555619;0.5968089246595748;1.0004456391477212;0.7413683882080804;0.0;0.5408147484630226;;0.1309206574325786;0.005043239946002087;4.983540290609199
11.055567131974641;-213.88888888876667;1.2674419991584787;1.0004753301408686;1.1173616624481195;0.0;0.5409474298166214;;0.1523873341060188;0.005043239946002087;4.9862359378719
11.055567131974641;-0.2416646445374733;1.1970685199481044;1.0011424094150565;1.4591564780430346;0.6805617174894432;0.17324731113604153;;0.1760763824484076;0.005043239946002087;5.8010834508867415
10.398193732449357;-13.000000000005755;1.8671946707023914;1.0003912356714753;1.6690183289650014;0.0;0.5401313634366297;;0.1760763824484076;0.005043239946002087;4.917448406249453
10.443494052920512;-0.22068147667717145;1.2377002674674378;1.0002301552012125;2.0282992591989366;0.08387461865312096;0.5393986391065452;;0.3856183748107881;0.005043239946002087;4.891707148647113
11.880339618343887;-3.9717694172730766;0.8557512586349709;0.9733447387031419;0.8761275214649024;0.028817004130657586;0.7836996976988904;;0.9988311114483023;0.0019512188925244756;5.8062686040210805
10.257823479360882;-90.56168118972018;0.685465872351014;0.973423560699953;0.8260778083158908;0.0;0.783807150048764;;0.8975551814653139;0.0019512188925244756;5.831310630850448
10.257823479360882;-161.93443940368093;0.7063268818000559;0.9734051959431257;1.0493363454156417;0.0;0.7836981174073525;;0.8216832477229208;0.0019512188925244756;5.826899269941167
10.257823479360882;-23.981524117534306;0.7319417255911908;0.9733490570059269;1.0180211383496696;0.0;0.7834800066040961;;0.7101876020887615;0.0019512188925244756;5.8143822385810315
10.794734240566658;-0.0008728768987861507;2.9789786680541535;1.0028910929162367;9.823946191122248;0.9999999998103705;0.5448993455132761;;0.5598817751525139;0.005043239946002087;5.337548484850066
10.794734240566658;-0.002537484925154347;2.8677031378435553;1.0000134503598708;3.3623819213959782;0.7817821096025745;0.22217596332298944;;0.4437173417106517;0.005043239946002087;4.647160274395233
10.161243970973151;-358.9143990928504;0.8755367190095852;0.9998271988574807;1.2900778161244773;0.3561923758926716;0.2174476229455358;;0.29701049511899663;0.005043239946002087;4.50864317969381
10.161243970973151;-27.713967230552267;1.057991747080408;0.9998271988574807;1.4886226265692484;0.6488765580963604;0.21671657403283717;;0.3070780279736606;0.005043239946002087;4.4903404591908815
10.161243970973151;-5.524851552821303;1.3407883669931513;0.9995911067345403;1.3847880548541716;3.8840869008926516e-12;0.1667879473045473;;0.27190855240728173;0.005043239946002087;5.6155963303400345
9.43035028107647;-62.044251458659154;0.6921260193227717;0.9995850328387494;0.9631948302053335;0.17800506325518514;0.16501260288605643;;0.17607638244843732;0.005043239946002087;5.629354139480068
9.43035028107647;-36.8749036127991;0.6497860991039642;0.9997798284575156;1.1546560169353233;0.7171572874100344;0.5388124144743073;;0.2065066812501516;0.005043239946002087;4.7645224134350865
9.43035028107647;-35.7383912170563;0.8065564021489631;0.9997236361174793;1.7135674104007563;0.5527864043312165;0.5387134576774403;;0.18937345595039842;0.005043239946002087;4.7778838232135055
9.503870571447868;-555.5555555555524;0.6152957264458546;0.9997201292712911;0.5896637311668643;0.0;0.5391585152613837;;0.16350636186923304;0.005043239946002087;4.842395980103779
9.503870571447868;-503.4722222222256;1.076691124043946;0.9997211099932025;1.1092499190283531;0.0;0.5394309553073493;;0.13092065743255865;0.005043239946002087;4.877888767502314
10.161243970973151;-203.47222222237417;0.7403886038306419;0.9994284699855776;0.8668601495958669;0.0016021359675033736;0.16901271576567123;;0.16206343843765122;0.005043239946002087;5.65193187415014
9.503870571447868;-265.5829488659992;0.7708005264365373;0.9993735814882081;0.8517043950942277;5.385372693826881e-26;0.16845255870558715;;0.11188979952641799;0.005043239946002087;5.647663111050151
9.503870571447868;-8888.888888888876;0.6129121816514441;0.9997211099932025;0.6885742851812001;0.0;0.5392817390166388;;0.11188979952641799;0.005043239946002087;4.859145894920757
9.503870571447868;-8888.888888888876;0.6129121816514441;0.9997211099932025;0.7330636730124572;0.0;0.5392817390166388;;0.11188979952641799;0.005043239946002087;4.859145894920757
9.503870571447868;-555.5555555555524;0.6152957264458546;0.9997201292712911;0.8136889616819447;0.0;0.5391585152613837;;0.16350636186923304;0.005043239946002087;4.842395980103779
10.161243970973151;-1080.246913580906;0.6202490173156365;0.9994234812198218;0.7122927323805402;4.8548310663575015e-12;0.16833425182007214;;0.13092065743255865;0.005043239946002087;5.64021107484976
10.161243970973151;-1.225907223894341;2.0800472000575194;0.999683087775441;1.8131119334735248;0.01941932429271998;0.17138633274075823;;0.2836093111141589;0.005043239946002087;5.674938074140411
10.161243970973151;-132.24524755428374;0.9297039473010806;0.9998271988574807;1.4022327162996977;0.30644964448775774;0.21790886725943306;;0.28912686299670415;0.005043239946002087;4.5210857393966775
10.161243970973151;-51.37455479195915;0.7605725547705549;0.9997374297909003;1.2700670226987505;0.3291796065496827;0.2150502592655063;;0.1760763824484076;0.005043239946002087;4.464854101236559
9.503870571447868;-1313.8888888884014;0.8377360070717257;0.9997289564357054;0.8051068871823691;0.0;0.21367946106325225;;0.15353901398683878;0.005043239946002087;4.4566782438110035
9.503870571447868;-1005.2469135799787;0.7735642105441266;0.9973225536542991;0.8013963795105578;1.097265352738147e-10;0.21392458832306638;;0.163506361869233;0.005043239946002087;4.4553581520429955
9.503870571447868;-397.91666666670693;0.6815801037827529;0.9994732597608843;0.7412577335436856;9.930136589638489e-26;0.16717230953172202;;0.1523873341060188;0.005043239946002087;5.625957050454948
9.503870571447868;-30.55555555555135;0.8103934223577802;0.9995834293159142;1.0389004158664539;7.960628430854255e-11;0.1657442829796734;;0.15238733410601882;0.005043239946002087;5.626584359724215
9.503870571447868;-2713.8888888886463;0.6721300279546094;0.9997289564357056;0.8433188190197403;2.294952670536276e-11;0.21396955957807337;;0.1118897995264181;0.005043239946002087;4.472817749016517
9.43035028107647;-15.4320987654532;0.6512724807876755;0.9931735738874465;0.8444296928803632;0.05131670202063779;0.21382508889428897;;0.16350636186923298;0.005043239946002087;4.496820291446417
9.52475999654371;-686.7283950615082;0.7212200706787484;1.0268329487081662;0.839678304316185;0.0;0.5870163551777757;;0.11188979952641807;0.005043239946002087;5.564326104749765
9.598280286915108;-66.66666666667578;0.6286331624110663;0.9680942600980549;0.8549073479869027;1.01877711097521e-10;0.5869972648015217;;0.13092065743255857;0.005043239946002087;5.561629707199113
9.43035028107647;-15.4320987654532;0.6512724807876755;0.9931735738874465;0.8638759812703176;0.05131670202063779;0.21382508889428897;;0.16350636186923298;0.005043239946002087;4.496820291446417
9.503870571447868;-1336.8055555551236;0.7530968404733017;0.9973225536542992;0.7902247976864639;0.0;0.21414882158421333;;0.13092065743257858;0.005043239946002087;4.469265477685883
9.503870571447868;-1406.2500000003538;0.7245271349956143;0.9951232790769096;0.9093274115683422;6.194473870514189e-11;0.2138557904645115;;0.11136374708445225;0.005043239946002087;4.478600598602149
9.52475999654371;-43.59861591694264;0.9148028576553996;1.0268904573527284;1.0830907032232273;0.0;0.5868994892022802;;0.13092065743257866;0.005043239946002087;5.557402720696033
9.52475999654371;-20.24153836812888;0.9394282359333764;1.09881169132282;0.8266613756531619;0.0;0.9613221007574781;;0.16206343843765128;0.005043239946002087;4.578397645465088
9.598280286915108;-66.66666666667578;0.6286331624110663;0.9680942600980549;0.8341798262707459;1.01877711097521e-10;0.5869972648015217;;0.13092065743255857;0.005043239946002087;5.561629707199113
9.598280286915108;-5.707734761789939;1.8261720576055456;0.9367064005889594;1.859537730898235;0.3221656102802365;0.5873882044429813;;0.20650668125015162;0.005043239946002087;5.588266725917764
9.598280286915108;-1380.5555555574153;0.6720568440124363;0.9681126230309974;0.885307665644712;1.0738853661824399e-10;0.5871921888437652;;0.13092065743255868;0.005043239946002087;5.574829593808195
9.43035028107647;-500.0000000005455;0.8764533022533156;0.9951302063132672;0.9025868222012606;0.05131670187398958;0.2143421927854394;;0.11188979952641796;0.005043239946002087;4.501331021915441
9.503870571447868;-19.879999999999587;0.7972131876615961;0.9995398897654175;1.1151343684020962;6.017400833504463e-11;0.16688971654928844;;0.15238733410601882;0.005043239946002087;5.652868488239261
9.600450079835598;-2.7385354162876054;0.7605059898058518;0.9731455553726935;0.8474342451614411;3.420301837569201e-12;0.7827562234542006;;0.5006615121360425;0.0019512188925244756;5.793953568953043
9.5269297894642;-33.51532252173612;0.6545654144141713;0.9731448230283885;0.7484044771309719;0.0048894295727215965;0.7828052699534469;;0.3511456613330724;0.0019512188925244756;5.80577650416605
10.160420059057707;-3.038782664169711;0.8443520239851222;0.9732101211294821;0.8075601411949394;0.02490017323372209;0.783354591743153;;0.353811199154222;0.0019512188925244756;5.874998914459301
10.87630562512462;-537.422839505976;0.8800000000000182;1.0015242049012487;1.655238094835343;0.16666666654308715;0.9141412034235312;;0.4078628286109611;0.005043239946002087;5.463691410404207
10.87630562512462;-7.913580246916326;1.055061775037579;0.9997046868055076;1.7077757493572878;0.6631599179753896;0.5398601155419261;;0.2618413148651372;0.005043239946002087;4.829601311508561
10.87630562512462;-2.9970444059981003;1.9489279489379618;0.999756617180543;2.2074053505579085;0.6060807010896423;0.21668053148256058;;0.2338764636656699;0.005043239946002087;4.630040505924904
10.158250266137216;-39.583333333329755;1.1105021815727922;0.9982708382514854;1.2265755864842605;0.0;0.587430020346737;;0.17707405703893836;0.005043239946002087;5.592470384365006
10.158250266137216;-0.005119674430017876;1.1030323387174723;1.5613287102023388;3.8364470695750956;0.999999999980015;1.336094292528589;;0.27829898950448123;0.005043239946002087;14.540726426145316
10.193364747733995;-22.039916999273476;0.5575432507596877;2.083272201986315;0.7375349541619358;1.0;2.0851594456125917;;0.3070780279736605;0.005043239946002087;34.51757125001703
10.193364747733995;-1.7083660417733974e-11;1.2272108220530709;2.3715375627394892;3.4479339704814445;0.9999999999999999;2.459753538513263;;0.2982989662287494;0.005043239946002087;44.514185660303866
10.193364747733995;-359.2847222221362;0.5294102448171135;2.083220830768778;0.6200327821493296;1.0;2.0851283398377074;;0.27998191396262917;0.005043239946002087;34.516600716177166
9.559874478140488;-470.7582461290481;0.5271380713940077;2.08317077305876;0.617441515895958;1.0;2.0850954421258634;;0.28175904852196204;0.005043239946002087;34.515485292836345
10.372339552595133;-200.27407016734048;0.5393768252203996;2.0832312787766374;0.6313442393539095;1.0;2.085130891288719;;0.3070780279736605;0.005043239946002087;34.51707874371761
10.242815355531114;-366.1265432097132;0.7692307692307625;1.0014922029563178;1.4865800862522445;2.916666659381864e-10;0.9140006509805771;;0.3804246542028031;0.005043239946002087;5.44621876425513
9.511809325729025;-2.1550982871514627e-05;1.7576762447997705;1.3282560540964032;3.3394386278614383;0.4209240067364079;0.5274260225829731;;0.8171274835691482;0.005114260839480078;12.011648088248249
9.511809325729025;-0.43754928378307484;1.064263538871309;1.1406618852823418;0.9282119656366155;0.0;0.3725765811939223;;0.742341837501154;0.005114260839480078;18.102777326663837
10.145299595322532;-0.24461082918974644;1.1629325014202376;1.1414406172566787;0.9923975397273128;0.0;0.3753071592437414;;0.7931940390521621;0.005114260839480078;18.150009163993833
10.959915057775376;-4.663901149939633e-06;1.8284337855234138;1.581893542168919;23.310003619859817;0.9999999999943339;1.1817660071706133;;0.9940669495649938;0.22119921692859512;19.35750806192129
10.87630562512462;-22.33373094608344;1.428571428571413;1.0016619159744735;2.3298701291675443;0.37499999967039577;0.9144682911676845;;0.44911469475460347;0.005043239946002087;5.503923494029028
10.160420059057707;-1.485179691292546e-05;1.1632179225875952;0.9727452194760253;1.0621247119744486;0.0;0.3448309784263342;;0.27998191396263844;0.0019512188925244756;11.48593194534347
10.260235640679596;-0.03454721790127021;1.0326396721011375;1.0121823144076871;1.36726583364911;0.7798168767664154;0.7179335437927743;;0.36174610379626465;0.0019512188925244756;1.9437235463125389
10.91760904020488;-14.778253479017636;0.6959614143144277;1.0939396386119271;0.7150870972771322;0.7801766933469604;1.0923498511684882;;0.6581596304920088;0.0019512188925244756;8.716211730951425
10.260235640679596;-88.89335509299399;0.6754163096326691;1.0938767672420102;0.6961540340707846;0.7803541368870283;1.0920648599684706;;0.5083728381754153;0.0019512188925244756;8.684521769639742
10.260235640679596;-88.89000136083301;0.6747698791799795;1.0938252327642521;0.69555360517869;0.7800585827776977;1.0918440729578955;;0.361746103796272;0.0019512188925244756;8.658492351207462
10.260235640679596;-14.790409101796376;0.6939941621532485;1.0937850419657864;0.713286704436049;0.7798718799208262;1.0916875290914578;;0.27998191396263844;0.0019512188925244756;8.638174646561014
10.186715350308198;-0.02676428561350862;0.6330925026555407;1.0121261121049012;1.8358140042485585;0.7797838550609513;0.7175729173349795;;0.3059463426119879;0.0019512188925244756;1.7714573730377552
10.160420059057707;-1.485179691292546e-05;1.1632179225875952;0.9727452194760253;1.053249753120956;0.0;0.3448309784263342;;0.27998191396263844;0.0019512188925244756;11.48593194534347
10.160420059057707;-8.167400158040264;0.7052910766844743;0.9729780220312104;3.669840185186221;0.8297912194572146;0.4099472917463101;;0.23260986431941275;0.0019512188925244756;4.520576538993427
10.160420059057707;-2.095468463137857;0.8245767415075048;0.9733408198149025;0.9027897738181662;0.005570530840200235;0.7834879102295527;;0.30594634261199644;0.0019512188925244756;5.886901752611296
10.160420059057707;-123.36791372921225;0.6948351361489571;0.9729780220312104;3.5393235410436863;0.829748693840207;0.41000670149608764;;0.26184131486513723;0.0019512188925244756;4.528785483900026
10.160420059057707;-75.23045162755031;0.7003870164822494;0.9729780220312104;3.061106398236512;0.8297401848912133;0.41020903283622623;;0.30373104230506565;0.0019512188925244756;4.544844578739506
10.063840550669976;-4.512328467722892;1.388093464086386;0.9996861914384063;1.4521449838161957;0.18792326045316687;0.1703077103743215;;0.2326098643194128;0.005043239946002087;5.7621670579871225
10.160420059057707;-29.299802761343713;0.6356265252332091;0.9732013233494217;0.567280901059015;8.300057740994818e-12;0.7830905225489633;;0.24605153779679517;0.0019512188925244756;5.842813482198033
10.063840550669976;-72.00000000000638;0.7075420181529787;0.9998144264258416;1.2435986338916132;0.7519305306808721;0.5393480624646398;;0.1890631184161273;0.005043239946002087;4.8020228891713215
10.063840550669976;-22.147955872652986;1.0591649514513075;0.9995350159785167;1.1961932542072564;0.3434678355015166;0.16854257758329433;;0.13595427620364098;0.005043239946002087;5.730433083266835
9.43035028107647;-80.03472222222368;0.8398793244899764;0.999756617180543;1.2426123703399243;0.41165159436941806;0.2148043087353719;;0.1770740570389236;0.005043239946002087;4.555111391874816
10.337225070998354;-6.529808955882044;1.0328409352093852;1.0995316808325755;0.8917965186237437;0.0;0.9615420288475657;;0.23462074410769151;0.005043239946002087;4.613212004666625
9.52475999654371;-11.910595157128087;0.874402840461499;1.09871625019784;0.7788210143294378;0.0;0.9612507428264844;;0.18937345595039864;0.005043239946002087;4.569980853351602
9.52475999654371;-43.59861591694264;0.9148028576553996;1.0268904573527284;1.069242252686023;0.0;0.5868994892022802;;0.13092065743257866;0.005043239946002087;5.557402720696033
9.43035028107647;-20.222222222222175;1.0167742576429024;0.9931736048751013;1.4440475578339078;0.25285204067309797;0.2138017951070373;;0.17707405703893836;0.005043239946002087;4.528171144075144
9.43035028107647;-12.122028636129556;0.9041669989834232;0.999480687979274;1.0554860594207676;0.019419324426704167;0.16533537921473687;;0.2065066812501516;0.005043239946002087;5.659056648004898
10.242815355531114;-1.9426775147922497;1.1401254877695526;0.9997701477657264;1.6028966156742963;0.8084347427999642;0.5387991792677684;;0.3027628291136176;0.005043239946002087;4.740456078071523
10.242815355531114;-482.03875171447254;0.8333333333333597;1.0016174261438173;1.4239332092520547;3.333333326722854e-11;0.9135918734689443;;0.27190855240732037;0.005043239946002087;5.39433024833711
10.242815355531114;-1059.0277777775448;1.090909090909058;1.0017008910326761;1.2217532464636274;0.0;0.9135280629022773;;0.27190855240728173;0.005043239946002087;5.385923674554318
11.86533149451412;-138.8888888887626;0.7000000000000285;1.0019561609543437;0.9249999999891394;0.0;0.9134465275756907;;0.13595427620364087;0.005043239946002087;5.374655693914234
11.86533149451412;-138.8888888887626;0.7000000000000285;1.0019561609543437;0.7451515151895204;0.0;0.9134465275756907;;0.13595427620364087;0.005043239946002087;5.374655693914234
11.86533149451412;-3888.888888890404;0.6;1.0020625607752855;0.8262213977496539;0.0;0.913426452412203;;0.13595427620364087;0.005043239946002087;5.370816867863277
11.86533149451412;-8888.888888890911;0.7499999999999467;1.0019665088138623;0.7672619048743418;0.0;0.9134288069295249;;0.1359542762036408;0.005043239946002087;5.371805918694819
11.86533149451412;-3888.888888890404;0.6;1.0020625607752855;0.8092833093839874;0.0;0.913426452412203;;0.13595427620364087;0.005043239946002087;5.370816867863277
11.86533149451412;-5624.99999999903;0.7000000000000285;1.0021829615689584;0.9828282828027338;0.0;0.9134394641425501;;0.13595427620364084;0.005043239946002087;5.371689569225375
11.86533149451412;-3281.2500000009823;0.9999999999999369;1.0023276757433097;1.2370129867981265;0.0;0.9134678414639203;;0.20393141430544193;0.005043239946002087;5.374423115844592
10.525065437478474;-1213.3487654317487;0.9166666666666944;1.0024966609608819;1.492063491679496;0.0;0.9135115829443643;;0.2039314143054806;0.005043239946002087;5.379014670748231
10.525065437478474;-625.0000000001419;0.785714285714274;1.002907241122029;1.5444444440029101;0.0;0.9136451487805114;;0.20393141430548056;0.005043239946002087;5.393750905272201
10.647940237116696;-1.5194435202805387e-06;4.171501314482758;1.3393924030990751;3.7826106986641963;0.9999999999967246;1.8408626654300135;;0.44104968144695733;0.22119921692859512;28.595370326009622
9.80917987141156;-25.892465119248282;0.6832529387443864;0.9884753368539012;0.5517292150690802;0.0;0.34385629476720636;;0.38326007388241784;0.0019512188925244756;11.470125348495738
9.80917987141156;-43.19355019711233;0.6788085214078078;0.9884753368539012;0.6041474996261037;0.0;0.34433498980351784;;0.305946342611988;0.0019512188925244756;11.473114090724273
9.835475162662052;-0.00490579972411687;1.1042442190503199;1.0122150038873534;3.4351264433080293;0.779816876750818;0.7178610879492682;;0.27343604392890497;0.0019512188925244756;1.8239058783449364
9.80917987141156;-16.01131283626408;0.6865740651823155;0.9884753368539012;0.5541779963965247;1.7562503898166538e-11;0.34454233759247466;;0.3356693985792543;0.0019512188925244756;11.480084796671836
10.621644945866205;-2.161111232405835e-05;0.8355027191075095;0.962164992684224;4.286184596495104;0.7800585827628226;0.06013732850386644;;0.3617461037962648;0.0019512188925244756;14.34846575030776
10.647940237116696;-8.950043649905181e-05;1.2361795814266836;1.1757763859588615;2.0506877626158744;0.9999999999935822;1.4663910124030983;;0.352839745157566;0.22119921692859512;18.608240987612465
10.525065437478474;-0.0;0.6000000000000113;1.0030767229513688;0.9909090908769731;0.0;0.9138401347079058;;0.1359542762036795;0.005043239946002087;5.415837777124114
10.525065437478474;-0.0;0.6000000000000113;1.0030767229513688;1.0606060605180805;0.0;0.9138401347079058;;0.1359542762036795;0.005043239946002087;5.415837777124114
10.525065437478474;-0.0;0.6000000000000113;1.0030767229513688;0.9890909090523675;0.0;0.9138401347079058;;0.1359542762036795;0.005043239946002087;5.415837777124114
9.794059407676386;-9.52558725840516;0.7584138242382319;1.1365126805718768;0.6248773757526019;0.0;0.36089581433035645;;0.2799819139626386;0.005114260839480078;17.946403653145424
9.794059407676386;-4.72981989502717e-05;0.6911414352129085;1.319268773162938;2.866765904539574;0.7220962530629771;0.5165099388648479;;0.2982989662287494;0.005114260839480078;11.66655677304898
9.796209795674585;-0.00015706089057454097;0.6448170086016302;1.3114600897716513;5.155843342472427;0.9999999999934257;0.8261881869771432;;0.49290389043904304;0.005114260839480078;12.19474025126893
10.408282874728714;-0.00026034160301557875;0.6462392187189039;1.3148070447371905;5.164771380651687;0.9999999999934399;0.8267019937233328;;0.4144415356456434;0.005114260839480078;12.230406070652828
9.794059407676386;-5.734362237624385;0.7782760673065243;1.136407691532861;0.639351347386352;0.0;0.3603997181159432;;0.2716044565938964;0.005114260839480078;17.939421190580816
10.60652448213103;-0.01732199897254641;1.4363388536907127;0.9534551394972441;1.0287376100920398;0.0;0.8364255890894272;;0.49290389043904304;0.005114260839480078;6.609373604544116
10.525065437478474;-0.0;0.7142857142856446;1.0031464215286907;0.7499309006931952;0.0;0.9140965014219887;;0.1359542762036795;0.005043239946002087;5.445185839631622
10.525065437478474;-0.0;0.7142857142856446;1.0031464215286907;0.7749378106238758;0.0;0.9140965014219887;;0.1359542762036795;0.005043239946002087;5.445185839631622
11.137138516532604;-0.0;0.7142857142856446;1.0032171226752424;0.6425183033827736;0.0;0.914247686920758;;0.18749368969846483;0.005043239946002087;5.462547375366613
11.137138516532604;-0.0;0.7142857142856446;1.0032171226752424;0.6822384918957988;0.0;0.914247686920758;;0.18749368969846483;0.005043239946002087;5.462547375366613
11.137138516532604;-0.0;0.7142857142856446;1.0032171226752424;0.8415383316056402;0.0;0.914247686920758;;0.18749368969846483;0.005043239946002087;5.462547375366613
9.80701007849107;-0.14363691889424196;1.2620974642354021;1.0281525538639182;1.5090351865816787;0.0;0.5878778612297352;;0.38599397899361204;0.005043239946002087;5.634068245948018
9.80701007849107;-0.3936669360872919;1.2555159932486957;1.103363132482399;0.9178902351663825;0.0;0.9619106605428687;;0.4570492564661038;0.005043239946002087;4.67255016024444
10.525065437478474;-2.1784356653457368e-05;1.8185930810345572;1.0030460789451419;5.590071118288231;0.5097096619519031;0.9143441304544032;;0.18749368969846483;0.005043239946002087;5.485211830743161
10.525065437478474;-2.1784356653457368e-05;1.8185930810345572;1.0030460789451419;4.934346672818482;0.5097096619519031;0.9143441304544032;;0.18749368969846483;0.005043239946002087;5.485211830743161
10.324673442077959;-0.5616358538560783;1.254167629540299;1.0005074800602567;1.3333031837979648;0.20304634058484902;0.5400588483633928;;0.42776386215819645;0.005043239946002087;4.847878281075675
10.324673442077959;-1.0139335915308425;0.9020167580386321;0.9998675078976831;0.9516227036010506;0.6473271920733401;0.16951694387182517;;0.2664886292045905;0.005043239946002087;5.7642084119084975
10.398193732449357;-66.60410755489146;0.6303297408006585;1.0001875594052323;0.7528596112585398;3.8104099774619777e-11;0.5398284540866775;;0.2919438175899471;0.005043239946002087;4.8784653148429005
10.492603447916597;-1.2150033411657508;0.942483102688457;0.9990183491533229;0.9026589489297154;0.0;0.5881575645609652;;0.2902292734056737;0.005043239946002087;5.65293950082607
10.492603447916597;-0.05994021468790475;1.0279275157936396;1.5514092715244732;3.449021252305045;0.9999999999800593;1.336434907742912;;0.37716921001663806;0.005043239946002087;14.566699179979002
9.880530368862468;-0.0011699059924770306;1.1134092681542214;1.000738402578023;1.3648887099835847;0.0;0.590493560871771;;0.26855355911412987;0.005043239946002087;5.804543479034313
9.71260036302383;-0.45962503478813627;1.228586715487698;0.999950026108336;1.2796529307383007;0.8184317401933956;0.22322758431690803;;0.2909301313905599;0.005043239946002087;4.85055288825919
9.880530368862468;-0.0011699059924770306;1.1134092681542214;1.000738402578023;1.4378664519803017;0.0;0.590493560871771;;0.26855355911412987;0.005043239946002087;5.804543479034313
9.786120653395228;-1.0862199463679652;1.078203411457861;0.9956857354755788;1.1619773510312943;0.8094998095037076;0.22282612480046615;;0.2480642755987867;0.005043239946002087;4.816293891698396
9.786120653395228;-47.585250624688534;0.6054990519250874;1.000364467539227;0.6975438170310965;0.020826379078771565;0.539342186032743;;0.21264499897662406;0.005043239946002087;4.841556963222189
9.786120653395228;-106.01355247982711;0.5941728836545619;1.0001875594052323;0.7121948619293219;3.6484647866372514e-11;0.5394133285287364;;0.23312200890660958;0.005043239946002087;4.8541913670688
9.786120653395228;-3.261659400185332;0.6302575878834727;0.9998467087496117;0.738945685766087;0.64732719207334;0.16748011041058963;;0.21264499897662406;0.005043239946002087;5.680532682512547
9.786120653395228;-3.261659400185332;0.6302575878834727;0.9998467087496117;0.695436633393768;0.64732719207334;0.16748011041058963;;0.21264499897662406;0.005043239946002087;5.680532682512547
9.786120653395228;-0.18899291978760077;0.9822522712812031;0.995685735475579;1.0347014354435222;0.8094998095005534;0.21442719975395516;;0.176419872578783;0.005043239946002087;4.532910222639031
9.880530368862468;-24.266475570385385;0.7758348720422243;0.9994371866137038;0.7694620161851469;0.0;0.5871642363536422;;0.2480642755987867;0.005043239946002087;5.57438113156965
9.880530368862468;-23.321296926138604;0.9425504995922066;1.101862319646687;0.738171958690946;0.0;0.9614124092247438;;0.28266943055987676;0.005043239946002087;4.5906127042041245
9.880530368862468;-18.56620150524144;0.9836195324765437;1.101918095570659;0.7639047356645814;0.0;0.9614377223315922;;0.22455734737730185;0.005043239946002087;4.593879079819178
9.880530368862468;-0.07154479268640511;1.0085924944358544;1.5505043705985722;3.403393908684471;0.9999999999800622;1.3360199911291626;;0.28912686299670415;0.005043239946002087;14.536633895094177
9.880530368862468;-44.27432610124405;0.7159069577168138;0.9992669808791671;0.717567463823724;0.0;0.5871312699827707;;0.20120436656075363;0.005043239946002087;5.569625211807317
9.71260036302383;-0.5682037846828608;0.8186205761460494;0.9997922767884624;1.399152233780811;0.6473271920375928;0.16584942271305142;;0.3340033125454921;0.005043239946002087;5.679082757704619
9.80917987141156;-0.9169978863357758;1.0266590423563962;0.9731603400811913;1.443939224068798;1.5407213764432845e-11;0.783175919933187;;0.45978753216165685;0.0019512188925244756;5.766767920152334
11.149445928447205;-1.441770658035929;0.912465939430282;0.9731331666877407;1.3823506663097398;0.0;0.7829787538776295;;0.5512008715718671;0.0019512188925244756;5.75511307713518
11.052866420059475;-0.010994663676585975;0.9606688700862023;1.0005074800602567;1.6488591007032831;0.20005604835232665;0.5387376207806466;;0.47684126085551143;0.005043239946002087;4.748360119886155
11.147276135526715;-1.8354779734987593e-10;15.385488292847304;1.7507688169692759;4.018933150948351;1.0000000000000002;1.7102443857073188;;0.5573587133423671;0.005043239946002087;24.511257107704644
11.182390617123493;-0.0009611876623258625;0.7206597146267743;2.089603124980383;0.9134921090011111;1.0;2.0847856570264662;;0.46701076039049466;0.005043239946002087;34.50437254899735
11.182390617123493;-1.4949315155840158e-06;4.07153619197667;2.1210916248520433;6.104584469744689;1.0;2.652100637776923;;0.41444153564564334;0.005043239946002087;49.19470316451197
11.180170744334553;-3.661610557762588e-06;1.9059248155975799;1.3667131647997117;2.015859443538566;1.0;1.5465859572875187;;0.5721727393645114;0.005114260839480078;19.881242904920317
11.180170744334553;-0.0001404114782589305;0.7804891304786284;1.0600278113392898;4.021185839631642;0.999999999980178;1.1859781915803476;;0.5721727393645114;0.005114260839480078;10.974006535647977
11.253691034705952;-0.00011881887001026606;0.7788044787073377;1.0589840223149656;4.014628166554362;0.9999999999801571;1.1845897643473473;;0.5468720878578099;0.005114260839480078;10.928806862802757
10.524953097573068;-0.013552505302562657;1.485095793582017;0.9536032188160176;1.0515605835717354;0.0;0.8332519028582316;;0.8425831003725677;0.005114260839480078;6.6131550295183965
10.524953097573068;-0.0004126688179013277;1.778003800742127;0.9799489116038218;1.863452910571401;0.7227740175015253;0.5184466181820444;;0.8587717265433591;0.005114260839480078;12.9845608106106
12.12195728657213;-0.06578307909482849;1.1192226642221856;1.133089531017268;0.9294064018109546;0.0;0.34915431660673407;;0.768982469188168;0.005114260839480078;17.714279262671603
11.516343307472948;-0.032429964578931735;1.180259969418951;1.131174251154968;0.855112254768186;0.0;0.3484707427316678;;0.6064401118012089;0.005114260839480078;17.712569502117578
10.858969907947664;-2.624899410274181;0.6993896057095962;0.9534155617775465;0.583366016300869;0.0;0.8317857326595576;;0.6573811575611588;0.005114260839480078;6.4260267229793335
10.858969907947664;-0.315078250818225;0.7357185173929426;0.9534155617775465;0.8051927804807871;0.0;0.8318870780547585;;0.6032359442283428;0.005114260839480078;6.419409586904742
10.858969907947664;-1.5001548462352197;0.9013532320074554;0.9534155617775463;0.9611905636925951;0.0;0.8164459236358524;;0.5232829284023961;0.005114260839480078;5.437875146701251
10.858969907947664;-0.30367121282237663;0.9291077244341557;0.9534155617775465;0.9856044219311985;0.0;0.8166479531841945;;0.6064401118012089;0.005114260839480078;5.437875146701251
10.79877067791108;-0.010977339834525495;0.9482708945423014;0.9800819425889088;1.1858622288883296;0.9999999999751767;0.4682515176222768;;0.6032359442283428;0.005114260839480078;12.049570647030452
12.978189530638325;-0.061328377770433824;0.6820658720622421;0.9692281631578071;0.9027289411565936;0.8900243037522949;0.42832796859751754;;0.7672617347416795;0.005114260839480078;11.50588919254445
12.942011731208407;-0.05204669084018621;0.7691122970201129;0.96417400652724;0.8046853124738015;0.9999999999827074;0.41269258912558265;;0.7152595383292035;0.005114260839480078;11.344036000373844
13.857200164112642;-0.15508829173732308;0.6862699330625549;1.0962980611861306;1.219516750662221;0.6696914468167086;0.05418739578138425;;0.6027515510637516;0.005114260839480078;14.531806635158327
13.666172982504888;-0.7857340607327968;0.546736883548481;1.0944254796917072;1.0403983570261077;0.6823020336927237;0.02658242603701395;;0.4640935302570781;0.005114260839480078;14.395474629060248
13.666172982504888;-0.7647474290841543;0.5533947202171932;1.094548120847748;1.0519115946780866;0.6955747394757781;0.024379031520091115;;0.5104980992144293;0.005114260839480078;14.383600922933137
12.681241872559955;-0.03377270713307013;1.142015452353935;0.9686621059514952;1.1968995891564886;0.7639173334873356;0.38099484521996996;;0.40966739441637307;0.005114260839480078;11.600164630057817
12.023868473034671;-30.202169625265654;0.8068186905453207;0.9762198032789169;0.5700910439465795;0.0;0.7566676115323007;;0.3350346938820439;0.005114260839480078;3.0820154841344274
12.023868473034671;-30.202169625265654;0.8068186905453207;0.9762198032789169;0.7445764319121861;0.0;0.7566676115323007;;0.3350346938820439;0.005114260839480078;3.0820154841344274
12.023868473034671;-755.5555555559412;0.7442019944628997;0.9762198032789169;0.8108438257657448;0.0;0.7568762106524144;;0.29093013139055984;0.005114260839480078;3.07063827964878
12.023868473034671;-26.364234056553485;1.0491958918913227;0.9762289145478183;1.0825684847544321;0.0;0.7570615202595453;;0.24877341909549353;0.005114260839480078;3.05021629469853
12.214895654642426;-0.04299192898654652;0.7501605100454323;1.0973518132738884;1.4701361112304974;0.6593152981493176;0.07381311321199009;;0.33003464139149874;0.005114260839480078;14.641895996330048
12.214895654642426;-2.45386573926369;0.7943349656835744;0.9567314108282048;0.8274850285912412;0.734140095518577;0.38636033174128015;;0.29254040052252556;0.005114260839480078;11.384952910652629
12.214895654642426;-2.793144081246243;0.8029449561498692;0.9567314108282048;0.8351739792559554;0.7219851249200406;0.3869230190920869;;0.2845329412095603;0.005114260839480078;11.38692903191101
12.023868473034671;-60.74459876542772;1.0130371922669092;0.976219803278917;0.7692237931005401;6.666666655467824e-11;0.7563890844254073;;0.21523558283545272;0.005114260839480078;3.0131079377354557
12.023868473034671;-0.2763061728393698;1.7994134560415085;0.9762198032789169;0.7781507174108291;0.19999999981338967;0.7555814402860307;;0.2845329412095603;0.005114260839480078;3.000636506550637
12.727087152182477;-0.16054920092941835;0.7156478193659307;1.0578547277168548;5.354026630490873;0.9507871239534398;1.1295474964961132;;0.46861134770094465;0.005114260839480078;9.514488221187257
13.71201826212741;-0.04351373348956153;0.7118566843394615;1.0578547277168548;5.332457790814724;0.9999999999821582;1.1291777938056766;;0.4298778422475495;0.005114260839480078;9.540465717726315
13.682502194964552;-0.10357567003524866;0.7231172303025426;1.0578547277168548;1.2046564529936774;0.9999999999909561;1.1306352656037384;;0.46861134770094465;0.005114260839480078;9.993105262018293
13.63665691534203;-0.06589635317757332;0.8580468925093113;0.9849272758659113;3.74749656053266;0.8762623549484914;0.7612350517634785;;0.5614981108367194;0.005114260839480078;5.949270496829371
13.63665691534203;-0.1339024533979072;0.6654063950774125;0.9891498242116367;3.2540361330767134;0.7609853317128922;0.76748000195567;;0.6025049091591927;0.005114260839480078;6.922823564927177
13.885368744704135;-0.054150948890611485;0.7881304974607952;0.9935973037100047;3.6805850802490276;0.9208347506352351;0.7758349102587293;;0.6891810680290099;0.005114260839480078;7.875097001166254
14.186207215609429;-0.00027095896086479253;1.0123320267645168;1.1190286258960556;1.5353445278672344;0.9999999999992236;1.1573321001919612;;0.8101575476434358;0.005114260839480078;13.10917564574947
14.140361935986906;-0.0003968113393883747;1.9129980397068471;1.0423615300025642;6.487144381435113;0.9999999999725588;0.8088630602717884;;0.8617491870207129;0.005114260839480078;10.84767960338881
15.695342424939167;-0.002928571303613776;0.9473851133402779;1.2885283894228103;1.7196508844041574;0.999999999989519;0.33044856999623906;;0.98863097001724;0.005114260839480078;16.25232215747039
16.10221917942994;-0.001546588536726596;0.8259333189647431;1.3280144544065218;1.6430813101901363;0.9273868752668533;0.36875363712239095;;1.092473388449088;0.005114260839480078;16.75145975972338
15.816832704749697;-8.556656659628721e-05;1.111034878042085;1.0558571916568817;1.0430990713283423;0.9134643220425094;0.47191582723612335;;0.8969247490485722;0.005114260839480078;7.957600397207217
14.208856682347555;-0.13021557460223662;2.337886705705323;0.9967486768626985;2.0098262557008004;0.0;0.767173326810729;;0.3261078692984415;0.005114260839480078;6.806234836755318
15.047919591719955;-0.11203826534620465;0.9841007458413454;0.9967486768626985;1.7101753557063448;0.5917517095031724;0.7586812484560487;;0.5170418437544899;0.005114260839480078;6.300202134755358
13.948857204498518;-1.6023376433637537;0.8813417100411423;0.9854561034535145;1.0153365103367071;0.5049262285416829;0.755453917069079;;0.29093013139055995;0.005114260839480078;6.093179190952919
14.613430578563124;-0.22084913427960853;1.4685926613169389;0.9854561034535146;2.3126552347663005;0.6323926889098455;0.7589990031850088;;0.6292045579506382;0.005114260839480078;6.317389024085274
14.206706294349358;-14.32959030485687;0.6579614208705649;1.0007770375115301;0.8105530825053174;0.9199702724796103;0.40032033271127715;;0.21834195866761744;0.005114260839480078;5.124393045193975
14.206706294349358;-0.3026036707658302;0.6340786242961628;0.9982052093134952;0.7827018035945577;0.950064873495531;0.4134487427147658;;0.3378273749691518;0.005114260839480078;5.660310801302936
14.206706294349358;-4.07517653636051;0.6709799046991681;1.0203932579108024;0.825525036513839;0.9078629944627432;0.3987922198951155;;0.3378273749691519;0.005114260839480078;5.077595445701027
13.23128457493665;-1597.222222222442;0.7000632757397437;0.9967486768626985;0.5148544808056051;0.0;0.7689870940913651;;0.15353901398682096;0.005114260839480078;6.89413652079413
13.23128457493665;-424.6913580247508;1.0044051063784423;0.9967486768626985;0.7861374125411866;0.0;0.7686493465630878;;0.20650668125015148;0.005114260839480078;6.876770718164488
13.895857949001256;-32.294891890341134;1.2522730548346754;0.9967486768626985;1.691759420938864;0.2094305848868184;0.7711198051540955;;0.32610786929844127;0.005114260839480078;7.015959648965978
13.895857949001256;-5.098519800082022;1.5252701482516915;0.9967486768626985;1.6781140228031808;0.29289321859382006;0.7714700604707633;;0.34417780208358595;0.005114260839480078;7.033733296168766
13.23128457493665;-233.33333333320118;0.9658230261335712;0.9967486768626985;0.6804869859668882;0.020668990254651177;0.7694205278557905;;0.18749368969846472;0.005114260839480078;6.9193706213729325
13.23128457493665;-611.496913580479;1.0304787044813688;0.9967486768626985;0.9080143448451291;5.808559318686125e-11;0.7697168523818608;;0.2174072232136343;0.005114260839480078;6.933065994322649
13.895857949001256;-0.29383789256099574;0.8041183935832077;0.9967486768626985;1.3610569878344867;0.4918966992239365;0.7644914715971209;;0.46861134770094504;0.005114260839480078;6.617118800844537
13.22913418693845;-3.1148877556741574;0.6921272507802696;1.000618628924011;0.8495369648200914;0.9500424458758546;0.40207822945808347;;0.23930591873989557;0.005114260839480078;5.183377671136107
13.23128457493665;-1072.9166666671;0.7347122558404154;0.9967486768626985;0.7358987088849822;0.0;0.768589940846456;;0.19348618227044037;0.005114260839480078;6.871720813506322
13.23128457493665;-157.03703703715786;1.1951478297304465;0.9967486768626985;0.967515424323963;0.021163451231067464;0.7696575290602543;;0.2174072232136343;0.005114260839480078;6.928057123768868
13.23128457493665;-11.03040762655428;0.9972772498598467;0.9967486768626985;1.5699321062640805;0.0;0.7682062293787312;;0.24806427559880773;0.005114260839480078;6.850003426187169
13.948857204498518;-0.8872396495936452;0.7554947804633572;0.9967486768626985;1.271238766223945;0.5049262285216729;0.7611239574485227;;0.30178527403500793;0.005114260839480078;6.415247780221204
13.23128457493665;-2266.6009204469956;0.5927077752417437;0.9854561034535146;0.6162503421936726;0.5270196228746598;0.7544128573619939;;0.2472419353973099;0.005114260839480078;6.033925855070662
13.948857204498518;-485.57098765468044;0.6530154085288515;0.9854561034535145;0.5249987666473062;0.521086857392211;0.7544081486163188;;0.26071036631063;0.005114260839480078;6.033144507888209
13.23128457493665;-2370.756172837899;0.6139817542593896;0.9854561034535146;0.6370971143371776;0.5435645353843911;0.7544361709624702;;0.21834195866761744;0.005114260839480078;6.036363954891952
13.23128457493665;-241.58024691335547;0.7384092082290752;0.9854561034535145;0.9660522159226944;0.5306806801470343;0.7544780876930607;;0.20749052896528788;0.005114260839480078;6.040456801215235
13.23128457493665;-1.3420428616015216;0.6306463423181738;0.9967486768626985;1.615110337880468;0.5024814048587822;0.7604831412389305;;0.1878066206237582;0.005114260839480078;6.383123155986437
13.23128457493665;-0.8816135139937152;0.8461855967545905;0.9967486768626985;2.1220649117480197;0.5120499634226452;0.7617419414617512;;0.27723518624217613;0.005114260839480078;6.459874264272062
15.442499621654594;-0.000805416299600098;4.094881868717788;0.9967486768626985;3.342540621345403;0.657405644897529;0.7781247972647038;;0.666879595810411;0.005114260839480078;7.4877216501553105
15.126797460017233;-0.023995289453495845;0.9174942132654951;0.9967486768626983;1.3665084718920857;0.8770202580110786;0.8199497396765709;;0.81963445686178;0.005114260839480078;9.811129457126242
15.537035710960103;-2.7099787740685395e-05;3.654570814360626;1.180974130744341;2.1797390194971618;0.9301661913364314;0.5885751161698228;;0.7011241121040982;0.005114260839480078;11.843900350399945
14.874612724893694;-0.020019477791139047;1.1178087787851354;0.9986174801277071;1.5859013187665696;0.9303942441937504;0.8935744345623456;;0.8566824904178111;0.005114260839480078;13.304552542921066
15.5391860989583;-0.34351215025594284;0.7462376738264352;0.9967486768626983;1.1535629786253079;0.8971588246904604;0.873701827891198;;0.6580001697293927;0.005114260839480078;12.41266535537353
15.5391860989583;-0.21811561342075458;0.6229562881014931;0.9967486768626982;0.983057732190841;0.9051183858336352;0.8564490285956065;;0.6662348946816976;0.005114260839480078;11.591572237568808
15.5391860989583;-0.09718206842312506;0.608180282018066;0.9967486768626982;0.9615399347975631;0.9039171947427468;0.8552312566195713;;0.6035705480700416;0.005114260839480078;11.538493517485799
